{
    "home": {
        "joints_rad": [
            0.0966639369726181,
            -1.504882776444294,
            0.8157838026629847,
            -0.8797567051700135,
            -1.5700739065753382,
            3.140589475631714
        ],
        "joints_deg": [
            5.5,
            -86.2,
            46.7,
            -50.4,
            -90.0,
            179.9
        ]
    },
    "waypoint": {
        "joints_rad": [
            0.8112319707870483,
            -1.3471187067082901,
            1.1081860701190394,
            -1.3300022643855591,
            -1.5691183249102991,
            3.102487802505493
        ],
        "joints_deg": [
            46.5,
            -77.2,
            63.5,
            -76.2,
            -89.9,
            177.8
        ]
    },
    "transfer": {
        "joints_rad": [
            1.5200417041778564,
            -1.06395377338443,
            1.0893343130694788,
            -1.5942441425719203,
            -1.569169823323385,
            3.102994918823242
        ],
        "joints_deg": [
            87.1,
            -61.0,
            62.4,
            -91.3,
            -89.9,
            177.8
        ]
    }
}