{
    "home": {
        "joints_rad": [
            -1.5685556570636194,
            -1.8725487194456996,
            -0.7409806251525879,
            -2.100731988946432,
            1.572214126586914,
            -0.0730059782611292
        ],
        "joints_deg": [
            -89.9,
            -107.3,
            -42.5,
            -120.4,
            90.1,
            -4.2
        ]
    },
    "waypoint": {
        "joints_rad": [
            -2.078049961720602,
            -1.955259462396139,
            -0.7473899722099304,
            -1.9810668430724085,
            1.5215215682983398,
            0.06108236312866211
        ],
        "joints_deg": [
            -119.1,
            -112.0,
            -42.8,
            -113.5,
            87.2,
            3.5
        ]
    },
    "transfer": {
        "joints_rad": [
            -2.5459891001330774,
            -2.259153505364889,
            -0.5172433853149414,
            -1.937897344628805,
            1.5716707706451416,
            -0.9806473890887659
        ],
        "joints_deg": [
            -145.9,
            -129.4,
            -29.6,
            -111.0,
            90.1,
            -56.2
        ]
    }
}